<?xml version="1.0" encoding="UTF-8"?>
<beans xmlns="http://www.springframework.org/schema/beans"
	xmlns:xsi="http://www.w3.org/2001/XMLSchema-instance"
	xmlns:context="http://www.springframework.org/schema/context"
	xmlns:mybatis-spring="http://mybatis.org/schema/mybatis-spring"
	xmlns:aop="http://www.springframework.org/schema/aop"
	xmlns:tx="http://www.springframework.org/schema/tx"
	xsi:schemaLocation="http://mybatis.org/schema/mybatis-spring http://mybatis.org/schema/mybatis-spring-1.2.xsd
		http://www.springframework.org/schema/beans https://www.springframework.org/schema/beans/spring-beans.xsd
		http://www.springframework.org/schema/context http://www.springframework.org/schema/context/spring-context-4.3.xsd
		http://www.springframework.org/schema/aop http://www.springframework.org/schema/aop/spring-aop-4.3.xsd
		http://www.springframework.org/schema/tx http://www.springframework.org/schema/tx/spring-tx-4.3.xsd">
	
	<!-- Root Context: defines shared resources visible to all other web components -->
	
	<aop:aspectj-autoproxy/>
	<context:component-scan base-package="com.itbank.aop"/>

	<mybatis-spring:scan base-package="com.itbank.model"/>
	<context:component-scan base-package="com.itbank.service"/>
	<context:component-scan base-package="com.itbank.components"/>
	
	<bean id="hc" class="com.zaxxer.hikari.HikariConfig">
		<property name="driverClassName" value="oracle.jdbc.driver.OracleDriver" />
		<property name="jdbcUrl" value="jdbc:oracle:thin:@192.168.1.100:1521:xe" />
		<property name="username" value="c##user3" />
		<property name="password" value="3" />
	</bean>
	
	<bean id="hds" class="com.zaxxer.hikari.HikariDataSource">
		<constructor-arg ref="hc"/>
	</bean>
	
	<bean id="ssfb" class="org.mybatis.spring.SqlSessionFactoryBean">
		<property name="dataSource" ref="hds" />
	</bean>
	
	<bean id="sst" class="org.mybatis.spring.SqlSessionTemplate">
		<constructor-arg ref="ssfb"/>
	</bean>
	
	<!-- 트랜잭션 설정 -->
	<bean id="dstm" class="org.springframework.jdbc.datasource.DataSourceTransactionManager">
		<property name="dataSource" ref="hds"/>
	</bean>
	
	<tx:annotation-driven transaction-manager="dstm"/>
	
</beans>
